<?xml version="1.0" encoding="UTF-8"?>
<project-private xmlns="http://www.netbeans.org/ns/project-private/1">
    <editor-bookmarks xmlns="http://www.netbeans.org/ns/editor-bookmarks/2" lastBookmarkId="1">
        <file>
            <url>src/mealplannerapp/MealPlannerApp.java</url>
            <bookmark id="1">
                <name/>
                <line>0</line>
                <key/>
            </bookmark>
        </file>
    </editor-bookmarks>
    <open-files xmlns="http://www.netbeans.org/ns/projectui-open-files/2">
        <group>
            <file>file:/C:/Users/asus/Documents/ILKOM%20general/Semester%202/Praktikum/Responsi/mealPlannerApp/src/mealplannerapp/textReader.java</file>
            <file>file:/C:/Users/asus/Documents/ILKOM%20general/Semester%202/Praktikum/Responsi/mealPlannerApp/src/mealplannerapp/makanan.java</file>
            <file>file:/C:/Users/asus/Documents/ILKOM%20general/Semester%202/Praktikum/Responsi/mealPlannerApp/src/mealplannerapp/MealPlanner.java</file>
            <file>file:/C:/Users/asus/Documents/ILKOM%20general/Semester%202/Praktikum/Responsi/mealPlannerApp/src/mealplannerapp/MealPlannerApp.java</file>
            <file>file:/C:/Users/asus/Documents/ILKOM%20general/Semester%202/Praktikum/Responsi/mealPlannerApp/src/mealplannerapp/heap.java</file>
            <file>file:/C:/Users/asus/Documents/ILKOM%20general/Semester%202/Praktikum/Responsi/mealPlannerApp/src/mealplannerapp/hari.java</file>
        </group>
    </open-files>
</project-private>
